"Type","Name","Location Code","Hospital Designations","NPIs","Rm, Suite, or Apt","Street Address","Street Address 2","City","State","ZIP Code","County","Country","GPS","USNG","Phones",
"Hospital","Abraham Lincoln Memorial Hospital","0578","","","","200 Stahlhut Drive","","City of Lincoln","IL","62656","Logan County","US","40.153679,-89.389842","16TBK96454755","217-732-2161",
"Hospital","AMITA Health Adventist Medical Center GlenOaks","0239","","","","701 Winthrop Avenue","","Village of Glendale Heights","IL","60139","DuPage County","US","41.915066,-88.057171","16TDM12334088","630-545-8000",
"Hospital","AMITA Health Adventist Medical Center Hinsdale","0241","","","","120 North Oak Street","","Village of Hinsdale","IL","60521","DuPage County","US","41.805611,-87.920693","16TDM23512860","630-856-9000",
"Hospital","Adventist La Grange Memorial Hospital","0147","","","","5101 Willow Springs Road","","Village of La Grange","IL","60525","Cook County","US","41.796929,-87.885988","16TDM26392760","708-245-9000",
"Hospital","Carle BroMenn Medical Center","0615","","","","1304 Franklin Avenue","","Town of Normal","IL","61761","McLean County","US","40.497169,-88.991037","16TCK31278484","309-454-1400",
"Hospital","Advocate Christ Medical Center","0146","","","","4440 West 95th Street","","Village of Oak Lawn","IL","60453","Cook County","US","41.721808,-87.732618","16TDM39061914","708-684-8000",
"Hospital","Advocate Condell Medical Center","0507","","","","801 South Milwaukee Avenue","","Township of Libertyville","IL","60048","Lake County","US","42.273574,-87.955902","16TDM21178059","847-362-2900",
"Hospital","Carle Eureka Hospital","1067","","","","101 South Major Street","","City of Eureka","IL","61530","Woodford County","US","40.720853,-89.271368","16TCL08161025","309-467-2371",
"Hospital","Advocate Good Samaritan Hospital","0240","","","","3815 Highland Avenue","","Village of Downers Grove","IL","60515","DuPage County","US","41.819707,-88.008292","16TDM16253025","630-275-5900",
"Hospital","Advocate Good Shepherd Hospital","0508","","","","450 Illinois 22","","Township of Barrington","IL","60010","Cook County","US","42.195623,-88.173203","16TDM03137216","847-381-0123",
"Hospital","Advocate Illinois Masonic Medical Center","6032","","","","836 West Wellington Avenue","","City of Chicago","IL","60657","Cook County","US","41.936772,-87.651175","16TDM46014296","773-975-1600",
"Hospital","Advocate Lutheran General Hospital","0160","","","","1775 Dempster Street","","City of Park Ridge","IL","60068","Cook County","US","42.038478,-87.847611","16TDM29845439","847-723-2210",
"Hospital","Advocate Sherman Hospital","0467","","","","1425 North Randall Road","","Township of Elgin","IL","60123","Kane County","US","42.070025,-88.330942","16TCM89895840","847-742-9800",
"Hospital","Advocate South Suburban Hospital","0171","","","","17800 Kedzie Avenue","","Village of Hazel Crest","IL","60429","Cook County","US","41.566389,-87.696602","16TDM41910186","708-799-8000",
"Hospital","Advocate Trinity Hospital","6058","","","","2320 East 93rd Street","","City of Chicago","IL","60617","Cook County","US","41.726522,-87.567933","16TDM52761956","773-967-2000",
"Hospital","AMITA Health Alexian Brothers Behavioral Health Hospital Hoffman Estates","0181","","","","1650 Moon Lake Boulevard","","Village of Hoffman Estates","IL","60169","Cook County","US","42.054073,-88.137298","16TDM05895640","800-432-5005",
"Hospital","Alexian Brothers Medical Center","0145","","","","800 Biesterfield Road","","Village of Elk Grove Village","IL","60007","Cook County","US","42.005405,-88.015517","16TDM15905087","847-437-5500",
"Hospital","Alton Memorial Hospital","0653","","","","1 Memorial Drive","","Township of Alton","IL","62002","Madison County","US","38.899548,-90.159157","15SYD46360946","618-463-7311",
"Hospital","AMITA Health Adventist Medical Center Bolingbrook","1031","","","","500 Remington Boulevard","","Village of Bolingbrook","IL","60440","Will County","US","41.680797,-88.084733","16TDM09711490","630-312-5000",
"Hospital","AMITA Health Saint Joseph Hospital Elgin","0468","","","","77 North Airlite Street","","Township of Elgin","IL","60123","Kane County","US","42.035704,-88.325753","16TCM90265459","847-695-3200",
"Hospital","AMITA Health Mercy Medical Center Aurora","0466","","","","1325 North Highland Avenue","","Township of Aurora","IL","60506","Kane County","US","41.785430,-88.325953","16TCM89812680","630-859-2222",
"Hospital","AMITA Health St. Mary's Hospital Kankakee","0482","","","","500 West Court Street","","Township of Kankakee","IL","60901","Kankakee County","US","41.120394,-87.872007","16TDL26795248","815-937-2400",
"Hospital","Anderson Hospital","0655","","","","6800 Illinois 162","","Village of Maryville","IL","62062","Madison County","US","38.736847,-89.946226","16SBH43919169","618-288-5711",
"Hospital","Ann & Robert H. Lurie Children's Hospital of Chicago","6017","","","","225 East Chicago Avenue","","City of Chicago","IL","60611","Cook County","US","41.896222,-87.621834","16TDM48413844","312-227-4000",
"Hospital","Aurora Lakeland Medical Center","9647","","","","W3985 County Road NN","","City of Elkhorn","WI","53121","Walworth County","US","42.661227,-88.496108","16TCN77382428","262-741-2000",
"Hospital","Aurora Medical Center Kenosha","9645","","","","10400 75th Street","","City of Kenosha","WI","53142","Kenosha County","US","42.569948,-87.935472","16TDN23221348","262-948-5600",
"Hospital","Memorial Hospital-Burlington","9646","","","","252 McHenry Street","","City of Burlington","WI","53105","Racine County","US","42.672694,-88.281381","16TCN95002526","262-767-6000",
"Hospital","Barnes-Jewish West County Hospital","9628","","","","12634 Olive Boulevard","","","MO","63141","","US","38.675598,-90.468085","15SYC20258382","314-996-8000",
"Hospital","Barnes Jewish Hospital Psychiatric Care","9608","","","","5355 Delmar Boulevard","","","MO","63112","","US","38.653355,-90.275105","15SYC37128183","314-273-0040",
"Hospital","Barnes-Jewish Hospital","9632","","","","1 Barnes Jewish Hospital Plaza","","","MO","63110","","US","38.637754,-90.264146","15SYC38128013","314-747-3000",
"Hospital","Beloit Memorial Hospital","9640","","","","1969 West Hart Road","","Town of Beloit","WI","53511","Rock County","US","42.548853,-89.008010","16TCN35131267","608-364-5011",
"Hospital","Birth Center at PCC","0183","","","","6201 Roosevelt Road","","Township of Oak Park","IL","60304","Cook County","US","41.865026,-87.779142","16TDM35333508","708-386-0845",
"Hospital","Birth Center of Bloomington Normal","0618","","","","6 Westport Court","","Township of Bloomington","IL","61704","McLean County","US","40.489510,-88.940414","16TCK35558389","309-722-4020",
"Hospital","Blessing Hospital at 11th Street","0001","","","","1005 Broadway Street","","Township of Quincy","IL","62301","Adams County","US","39.937038,-91.399544","15SXE36742199","217-223-1200",
"Hospital","Blessing Hospital at 14th Street","0003","","","","1415 Vermont St","","Township of Quincy","IL","62301","Adams County","US","39.937038,-91.399544","15SXE36742199","217-223-1200",
"Hospital","Bloomington Meadows Hospital","9655","","","","3600 North Prow Road","","City of Bloomington","IN","47404","Monroe County","US","39.205907,-86.551191","16SEJ38753972","812-331-8000",
"Hospital","Carle Foundation Hospital","0083","","","","611 West Park Street","","Township of Urbana","IL","61801","Champaign County","US","40.116971,-88.215555","16TCK96414144","217-383-3311",
"Hospital","Carle Hoopeston Regional Health Center","0944","","","","701 East Orange Street","","City of Hoopeston","IL","60942","Vermilion County","US","40.458644,-87.659874","16TDK44057887","217-283-5531",
"Hospital","Carle Richland Memorial Hospital","0818","","","","800 East Locust Street","","City of Olney","IL","62450","Richland County","US","38.736453,-88.077557","16SDH06348808","618-395-2131",
"Hospital","Carlinville Area Hospital","0641","","","","20733 North Broad Street","","Township of Carlinville","IL","62626","Macoupin County","US","39.298919,-89.882999","16SBJ51385391","217-854-3141",
"Hospital","CenterPointe Hospital","9620","","","","4801 Weldon Spring Parkway","","City of Saint Charles","MO","63304","Saint Charles County","US","38.715032,-90.671937","15SYC02408772","800-345-5407",
"Hospital","CGH Medical Center","1014","","","","100 East Le Fevre Road","","City of Sterling","IL","61081","Whiteside County","US","41.802655,-89.696854","16TBM75953138","815-625-0400",
"Hospital","Memorial Hospital Chester","0803","","","","1900 State Street","","Township of Chester","IL","62233","Logan County","US","37.917173,-89.813737","16SBH52650035","618-826-4581",
"Hospital","Chicago Behavioral Hospital","0149","","","","555 Wilson Lane","","City of Des Plaines","IL","60016","Cook County","US","42.043617,-87.879055","16TDM27245499","844-756-8600",
"Hospital","CHICAGO CENTER HOSPTIAL","6012","","","","","","","","","","","","","",
"Hospital","Chicago Lakeshore Hospital","6013","","","","4840 North Marine Drive","","City of Chicago","IL","60640","Cook County","US","41.970314,-87.650581","16TDM46094668","773-878-9700",
"Hospital","Chicago-Read Mental Health Center","6016","","","","4200 North Oak Park Avenue","","City of Chicago","IL","60634","Cook County","US","41.955311,-87.799240","16TDM33764512","773-794-4000",
"Hospital","Children's Hospital Of Wisconsin","9639","","","","8915 West Connell Court","","City of Milwaukee","WI","53226","Milwaukee County","US","43.042398,-88.024062","16TDN16586603","414-266-2000",
"Hospital","Christian Northeast Hospital","9612","","","","11133 Dunn Road","","","MO","63136","","US","38.776651,-90.240151","15SYC39749560","314-653-5000",
"Hospital","Clay County Hospital","0110","","","","911 Stacey Burk Drive","","Township of Flora","IL","62839","Boone County","US","38.680855,-88.472770","16SCH71898239","618-662-2131",
"Hospital","Community First Medical Center","6044","","","","5645 West Addison Street","","City of Chicago","IL","60634","Cook County","US","41.945616,-87.767960","16TDM36344402","773-282-7000",
"Hospital","Community Hospital Munster IN","9461","","","","901 Macarthur Boulevard","","Town of Munster","IN","46321","Lake County","US","41.550178,-87.505540","16TDL57839995","219-836-1600",
"Hospital","Community Hospital of Staunton","0642","","","","Caldwell Street","","Township of Staunton","IL","62088","Macoupin County","US","39.015394,-89.789400","16SBJ58492218","618-635-2200",
"Hospital","Crawford Memorial Hospital","0190","","","","1000 North Allen Street","","City of Robinson","IL","62454","Crawford County","US","39.014540,-87.749985","16SDJ35071865","618-544-3131",
"Hospital","Crossroads Community Hospital","0416","","","","8 Doctors Park Road","","City of Mount Vernon","IL","62864","Jefferson County","US","38.312022,-88.936972","16SCH30654221","618-244-5500",
"Hospital","Deaconess Hospital Evansville IN","9453","","","","617 West Delaware Street","","City of Evansville","IN","47710","Vanderburgh County","US","37.984122,-87.572156","16SDH49750420","",
"Hospital","Deaconess Gateway Hospital","9457","","","","4011 Gateway Boulevard","","Town of Newburgh","IN","47630","Warrick County","US","37.973993,-87.445605","16SDH60860302","812-842-2000",
"Hospital","Decatur Memorial Hospital","0629","","","","2300 North Edward Street","","Township of Decatur","IL","62526","Macon County","US","39.867587,-88.961692","16SCK32221490","217-876-8121",
"Hospital","St. Luke's Des Peres Hospital","9629","","","","2345 Dougherty Ferry Road","","","MO","63122","","US","38.584161,-90.451887","15SYC21947371","314-966-9100",
"Hospital","Dr John Warner Hospital","0214","","","","422 West White Street","","Township of Clinton","IL","61727","DeKalb County","US","40.148397,-88.964667","16TCK32654607","217-935-9571",
"Hospital","Edward Hines","0153","","","","5000 5th Avenue","","Hines","IL","60141","Cook County","US","41.858140,-87.840243","16TDM30253436","708-202-8387",
"Hospital","Endeavor Edward Hospital","0237","","","","801 South Washington Street","","City of Naperville","IL","60540","DuPage County","US","41.760659,-88.153422","16TDM04112384","630-527-3000",
"Hospital","Endeavor Elmhurst Hospital","0238","","","","155 East Brush Hill Road","","City of Elmhurst","IL","60126","DuPage County","US","41.864020,-87.935868","16TDM22323510","331-221-1000",
"Hospital","Fairfield Memorial Hospital","0992","","","","303 Northwest 11th Street","","Township of Fairfield","IL","62837","Bureau County","US","38.381233,-88.375229","16SCH79884901","618-842-2611",
"Hospital","Fayette County Hospital","0275","","","","650 West Taylor Street","","City of Vandalia","IL","62471","Fayette County","US","38.970095,-89.098854","16SCJ18171555","618-283-1231",
"Hospital","Ferrell Hospital","0860","","","","1201 Pine Street","","Township of Eldorado","IL","62930","McDonough County","US","37.815584,-88.441962","16SCG73078633","618-273-3361",
"Hospital","FHN Memorial Hospital","0909","","","","1045 West Stephenson Street","","Township of Freeport","IL","61032","Stephenson County","US","42.295101,-89.639135","16TBM82438591","877-600-0346",
"Hospital","Forest Park Hospital  (CLOSED)","9636","","","","","","","","","","","","","",
"Hospital","Fort Madison Community Hospital","9535","","","","5445 Avenue O","","City of Fort Madison","IA","52627","Lee County","US","40.625784,-91.384441","15TXE36639847","319-372-6530",
"Hospital","Franciscan Health Munster IN","9459","","","","701 Superior Avenue","","Town of Munster","IN","46321","Lake County","US","41.537695,-87.511916","16TDL57299857","219-922-4200",
"Hospital","Franciscan Health Chicago Heights (CLOSED)","0175","","","","","","","","","","","","","",
"Hospital","Franciscan Health Olympia Fields","0167","","","","Crawford Avenue","","Village of Olympia Fields","IL","60461","Cook County","US","41.523241,-87.710796","16TDL40699708","708-747-4000",
"Hospital","Franklin Hospital","0299","","","","201 Bailey Lane","","Township of Benton","IL","62812","Franklin County","US","38.009847,-88.918390","16SCH31580864","618-439-3161",
"Hospital","Froedtert Hospital Milwaukee","9643","","","","900 North 92nd Street","","City of Milwaukee","WI","53226","Milwaukee County","US","43.040833,-88.026128","16TDN16416586","414-805-3000",
"Hospital","GALESBURG COTTAGE HOSPITAL","0493","","","","","","","","","","","","","",
"Hospital","Garfield Park Hospital","6051","","","","520 North Ridgeway Avenue","","City of Chicago","IL","60624","Cook County","US","41.890814,-87.720109","16TDM40263790","773-265-3700",
"Hospital","Gateway Regional Medical Center","0657","","","","2100 Madison Avenue","","City of Granite City","IL","62040","Madison County","US","38.701364,-90.143818","15SYC48388751","618-798-3000",
"Hospital","Genesis Medical Center - Silvis","0831","","","","801 Illini Drive","","City of Silvis","IL","61282","Rock Island County","US","41.494335,-90.418514","15TYF15489685","309-281-4000",
"Hospital","Genesis Medical Center - Aledo","0705","","","","409 Northwest 9th Avenue","","City of Aledo","IL","61231","Mercer County","US","41.205452,-90.759634","15TXF87836398","309-582-9100",
"Hospital","Genesis Medical Center Davenport IA","9536","","","","1227 East Rusholme Street","","City of Davenport","IA","52803","Scott County","US","41.541637,-90.556646","15TYG03800176","563-421-1000",
"Hospital","Gibson Area Hospital","0287","","","","1120 North Melvin Street","","City of Gibson City","IL","60936","Ford County","US","40.478419,-88.370231","16TCK83858176","217-784-4251",
"Hospital","Good Samaritan Hospital Vincennes IN","9460","","","","520 South 7th Street","","City of Vincennes","IN","47591","Knox County","US","38.672813,-87.533206","16SDH53618060","812-882-5220",
"Hospital","SSM Health Good Samaritan Hospital - Mt. Vernon","0415","","","","1 Good Samaritan Way","","City of Mount Vernon","IL","62864","Jefferson County","US","38.297108,-88.938940","16SCH30444055","618-242-4600",
"Hospital","Gottlieb Memorial Hospital","0152","","","","701 West North Avenue","","Village of Melrose Park","IL","60160","Cook County","US","41.910205,-87.841809","16TDM30184014","708-681-3200",
"Hospital","Graham Health System Canton","0311","","","","210 West Walnut Street","","Township of Canton","IL","61520","Fulton County","US","40.552818,-90.039028","15TYE50719333","309-647-5240",
"Hospital","Great River Medical Center Burlington IA","9533","","","","1221 South Gear Avenue","","City of West Burlington","IA","52655","Des Moines County","US","40.809328,-91.173707","15TXF54031919","319-768-1000",
"Hospital","Hamilton Memorial Hospital District","0345","","","","611 South Marshall Avenue","","Township of McLeansboro","IL","62859","Hamilton County","US","38.086763,-88.540473","16SCH64901656","618-643-2361",
"Hospital","Hammond-Henry Hospital","0379","","","","600 North College Avenue","","Township of Geneseo","IL","61254","Henry County","US","41.460065,-90.157838","15TYF37379373","309-944-6431",
"Hospital","Hardin County General Hospital & Clinic","0368","","","","6 Ferrell Road","","City of Rosiclare","IL","62982","Hardin County","US","37.422146,-88.351627","16SCG80404256","618-285-6634",
"Hospital","Harrisburg Medical Center","0861","","","","","","Township of Harrisburg","IL","62946","Saline County","US","37.738241,-88.547289","16SCG63667789","",
"Hospital","Harsha Behavioral Center Terre Haute IN","9656","","","","1980 East Woodsmall Drive","","City of Terre Haute","IN","47802","Vigo County","US","39.376030,-87.386655","16SDJ66695857","812-298-8888",
"Hospital","Hartgrove Hospital","6082","","","","5730 West Roosevelt Road","","City of Chicago","IL","60644","Cook County","US","41.866307,-87.767493","16TDM36303521","773-413-1700",
"Hospital","Hawthorn's Childrens Psychiatric Hospital","9609","","","","1901 Pennsylvania Avenue","","","MO","63133","","US","38.686365,-90.313309","15SYC33688539","314-512-7800",
"Hospital","Heartland Regional Medical Center","1041","","","","3333 West Deyoung Street","","Township of Marion","IL","62959","Lee County","US","37.742889,-88.991470","16SCG24537915","618-998-7000",
"Hospital","Herrin Hospital","1040","","","","201 South 14th Street","","City of Herrin","IL","62948","Williamson County","US","37.800975,-89.026421","16SCG21598566","618-942-2171",
"Hospital","Hillsboro Area Hospital","0717","","","","1200 East Tremont Street","","Township of Hillsboro","IL","62049","Montgomery County","US","39.151688,-89.480913","16SBJ85613654","217-532-6111",
"Hospital","Holy Cross Hospital","6028","","","","2701 West 68th Street","","City of Chicago","IL","60629","Cook County","US","41.769115,-87.692431","16TDM42442437","773-884-9000",
"Hospital","AMITA Health Holy Family Medical Center Des Plaines","0154","","","","100 North River Road","","City of Des Plaines","IL","60016","Cook County","US","42.055358,-87.889431","16TDM26405630","847-297-1800",
"Hospital","Hopedale Medical Complex","0920","","","","107 Tremont Street","","Township of Hopedale","IL","61747","Tazewell County","US","40.418258,-89.416956","16TBK94947698","309-449-3321",
"Hospital","HSHS Good Shepherd Hospital","0898","","","","201 South Pine Street","","City of Shelbyville","IL","62565","Shelby County","US","39.405787,-88.808242","16SCJ44316336","217-774-3961",
"Hospital","HSHS Holy Family Hospital","0025","","","","200 Health Care Drive","","Township of Greenville","IL","62246","Bureau County","US","38.903066,-89.408113","16SBJ91170877","618-664-1230",
"Hospital","HSHS St. Anthony's Memorial Hospital","0264","","","","503 North Maple Street","","City of Effingham","IL","62401","Effingham County","US","39.125715,-88.550339","16SCJ65983187","217-342-2121",
"Hospital","HSHS St. Elizabeth's Hospital Belleville (CLOSED)","0847","","","","211 South 3rd Street","","Township of Belleville","IL","62220","Saint Clair County","US","38.512165,-89.987808","16SBH39486687","618-624-3668",
"Hospital","HSHS St. Elizabeth's Hospital","0851","","","","1 Saint Elizabeth's Boulevard","","","IL","62269","","US","38.583949,-89.932233","16SBH44587468","618-234-2120",
"Hospital","HSHS St. Francis Hospital","0718","","","","1215 Franciscan Drive","","City of Litchfield","IL","62056","Montgomery County","US","39.181183,-89.639090","16SBJ72044020","217-324-2191",
"Hospital","HSHS St. John's Hospital","0876","","","","800 East Carpenter Street","","City of Springfield","IL","62769","Sangamon County","US","39.804687,-89.645935","16SBK73480942","217-544-6464",
"Hospital","HSHS St. Joseph's Hospital","0122","","","","9515 Holy Cross Lane","","Township of Breese","IL","62230","Clinton County","US","38.626291,-89.523958","16SBH80287832","618-526-4511",
"Hospital","HSHS St. Joseph's Hospital","0659","","","","12866 Troxler Avenue","","Highland","IL","62249","Madison County","US","38.754634,-89.667585","16SBH68199292","618-651-2600",
"Hospital","HSHS St. Mary's Hospital","0630","","","","1800 East Lake Shore Drive","","Township of Decatur","IL","62521","Macon County","US","39.827713,-88.931704","16SCK34691042","217-464-2966",
"Hospital","Illini Community Hospital Pittsfield","0791","","","","640 West Washington Street","","Township of Pittsfield","IL","62363","Pike County","US","39.607346,-90.814819","15SXD87598645","217-285-2113",
"Hospital","St. Margaret's Health - Peru","0527","","","","925 West Street","","City of Peru","IL","61354","LaSalle County","US","41.328926,-89.125023","16TCL22167745","815-223-3300",
"Hospital","Illinois Veterans Home","0002","","","","1707 North 12th Street","","Township of Quincy","IL","62301","Adams County","US","39.954001,-91.401986","15SXE36502387","217-222-8641",
"Hospital","IU Health North Hospital Carmel IN","9664","","","","11700 North Meridian Street","","City of Carmel","IN","46032","Hamilton County","US","39.959605,-86.159408","16SEK71792361","317-688-2000",
"Hospital","UChicago Medicine Ingalls Memorial Hospital","0156","","","","1 Ingalls Drive","","City of Harvey","IL","60426","Cook County","US","41.607454,-87.659666","16TDM45030640","855-826-3878",
"Hospital","Iroquois Memorial Hospital","0392","","","","200 East Fairman Avenue","","City of Watseka","IL","60970","Iroquois County","US","40.766142,-87.731309","16TDL38271305","815-432-5841",
"Hospital","IU Health Methodist Hospital Indianapolis IN","9462","","","","1701 North Senate Avenue","","City of Indianapolis","IN","46202","Marion County","US","39.790341,-86.163356","16SEK71630482","317-962-2000",
"Hospital","Lovell Federal Health Care Center North Chicago","0514","","","","2450 Buckley Road","","City of North Chicago","IL","60064","Lake County","US","42.307412,-87.859680","16TDM29148426","847-688-1900",
"Hospital","Jackson Park Hospital & Medical Center","6034","","","","7531 South Stony Island Avenue","","City of Chicago","IL","60649","Cook County","US","41.757721,-87.584836","16TDM51382304","773-947-7500",
"Hospital","Javon Bea Hospital—Riverside","1058","","","","8201 East Riverside Boulevard","","City of Rockford","IL","61114","Winnebago County","US","42.316946,-88.960419","16TCM38448682","815-971-7000",
"Hospital","Javon Bea Hospital—Rockton","1054","","","","2400 North Rockton Avenue","","City of Rockford","IL","61103","Winnebago County","US","42.297790,-89.099141","16TCM26968497","815-971-5000",
"Hospital","Mercy Hospital Jefferson","9625","","","","1400 U.S. 61","","City of Festus","MO","63028","Jefferson County","US","38.196688,-90.393856","15SYC28213084","636-933-1000",
"Hospital","Jersey Community Hospital","0427","","","","400 Maple Summit Road","","City of Jerseyville","IL","62052","Jersey County","US","39.110413,-90.342323","15SYD29793239","618-498-6402",
"Hospital","Jesse Brown VA Medical Center","6074","","","","820 South Damen Avenue","","City of Chicago","IL","60612","Cook County","US","41.869999,-87.678190","16TDM43713556","312-569-8387",
"Hospital","Barnes-Jewish Hospital","9635","","","","1 Barnes Jewish Hospital Plaza","","","MO","63110","","US","38.637754,-90.264146","15SYC38128013","314-747-3000",
"Hospital","John H. Stroger Hospital of Cook County","6020","","","","1969 West Ogden Avenue","","City of Chicago","IL","60612","Cook County","US","41.872720,-87.673726","16TDM44093586","312-864-6000",
"Hospital","John H. Stroger Hospital of Cook Co - Ped Trauma","6021","","","","1969 West Ogden Avenue","","City of Chicago","IL","60612","Cook County","US","41.872720,-87.673726","16TDM44093586","312-864-6000",
"Hospital","Katherine Shaw Bethea Hospital","0552","","","","403 East 1st Street","","Township of Dixon","IL","61021","Lee County","US","41.844644,-89.479125","16TBM94173549","815-288-5531",
"Hospital","Kenneth Hall Regional Hospital East St Louis","0848","","","","5900 Bond Avenue","","","IL","62207","","US","38.570546,-90.107667","15SYC51987308","618-274-1900",
"Hospital","Keokuk Area Hospital","9534","","","","1600 Morgan Street","","Township of Keokuk","IA","52632","Wapello County","US","40.406853,-91.387665","15TXE36817416","319-526-8783",
"Hospital","Kindred Hospital Sycamore","0203","","","","225 Edward Street","","City of Sycamore","IL","60178","DeKalb County","US","41.982960,-88.688806","16TCM60094926","815-895-2144",
"Hospital","Kindred Chicago Central Hospital","6003","","","","4058 West Melrose Street","","City of Chicago","IL","60641","Cook County","US","41.940128,-87.728670","16TDM39594338","773-736-7000",
"Hospital","Kindred Hospital Chicago North","6068","","","","2544 West Montrose Avenue","","City of Chicago","IL","60618","Cook County","US","41.961584,-87.692887","16TDM42584574","773-267-2622",
"Hospital","Kindred Hospital St. Louis","9616","","","","4930 Lindell Boulevard","","","MO","63108","","US","38.643234,-90.263031","15SYC38208074","314-361-8700",
"Hospital","Kindred Hospital St. Louis South","9665","","","","10018 Kennerly Road","","","MO","63128","","US","38.506318,-90.384535","15SYC28066523","314-208-6000",
"Hospital","Kindred Hospital Chicago Northlake","0172","","","","365 East North Avenue","","City of Northlake","IL","60164","Cook County","US","41.906933,-87.890629","16TDM26133982","708-345-8100",
"Hospital","Kindred Chicago Lakeshore","6056","","","","6130 North Sheridan Road","","City of Chicago","IL","60660","Cook County","US","41.993583,-87.656071","16TDM45664927","773-381-1222",
"Hospital","Kindred Hospital Peoria","0759","","","","500 West Romeo B Garrett Avenue","","City of Peoria","IL","61605","Peoria County","US","40.692850,-89.600780","16TBL80240791","309-680-1500",
"Hospital","Kirby Medical Center","0780","","","","1000 Medical Center Drive","","Township of Monticello","IL","61856","Piatt County","US","40.060592,-88.558916","16TCK67043564","217-388-5226",
"Hospital","La Rabida Children’s Hospital","6035","","","","6501 South Promontory Drive","","City of Chicago","IL","60649","Cook County","US","41.777425,-87.571485","16TDM52502522","773-363-6700",
"Hospital","Lawrence County Memorial Hospital","0541","","","","2200 State Street","","City of Lawrenceville","IL","62439","Lawrence County","US","38.728844,-87.693952","16SDH39688691","618-943-1000",
"Hospital","Lincoln Prairie Behavioral Health Center Sprinfield","0878","","","","5230 South 6th Street Frontage Road East","","City of Springfield","IL","62703","Sangamon County","US","39.725775,-89.641042","16SBK73640065","217-585-1180",
"Hospital","OSF Little Company of Mary Medical Center Evergreen Park","0157","","","","2800 West 95th Street","","Village of Evergreen Park","IL","60805","Cook County","US","41.722221,-87.693012","16TDM42351916","708-422-6200",
"Hospital","Loretto Hospital","6036","","","","645 South Central Avenue","","City of Chicago","IL","60644","Cook County","US","41.872034,-87.764282","16TDM36573585","773-626-4300",
"Hospital","Louis A. Weiss Memorial Hospital","6037","","","","4646 North Marine Drive","","City of Chicago","IL","60640","Cook County","US","41.966782,-87.649821","16TDM46154629","773-878-8700",
"Hospital","Loyola University Medical Center Maywood","0150","","","","2160 South 1st Avenue","","Village of Maywood","IL","60153","Cook County","US","41.858552,-87.835100","16TDM30683440","888-584-7888",
"Hospital","MacNeal Hospital","0161","","","","3249 South Oak Park Avenue","","Township of Berwyn","IL","60402","Cook County","US","41.832142,-87.791715","16TDM34253144","708-783-9100",
"Hospital","Marianjoy Rehabilitation Hospital","0242","","","","26w171 Roosevelt Road","","City of Wheaton","IL","60187","DuPage County","US","41.853507,-88.137887","16TDM05543413","630-909-8000",
"Hospital","Marshall Browning Hospital","0768","","","","900 North Washington Street","","City of Du Quoin","IL","62832","Perry County","US","38.025145,-89.236562","16SCH03691096","618-542-2146",
"Hospital","Mason District Hospital","0683","","","","615 North Promenade Street","","City of Havana","IL","62644","Mason County","US","40.305233,-90.054116","15TYE50356580","309-543-4431",
"Hospital","Massac Memorial Hospital","0694","","","","28 Chick Street","","City of Metropolis","IL","62960","Massac County","US","37.166545,-88.739899","16SCG45521476","618-524-2176",
"Hospital","Mayo Clinic Hospital","9486","","","","5777 East Mayo Boulevard","","City of Phoenix","AZ","85054","Maricopa County","US","33.658134,-111.955340","12SVC11422466","480-342-2000",
"Hospital","McKinley Health Center","0085","","","","1109 South Lincoln Avenue","","Township of Urbana","IL","61801","Champaign County","US","40.102772,-88.219919","16TCK96023987","217-333-2700",
"Hospital","McDonough District Hospital","0591","","","","525 East Grant Street","","City of Macomb","IL","61455","McDonough County","US","40.447103,-90.664595","15TXE98058000","309-833-4101",
"Hospital","McFarland Mental Health Center","0873","","","","901 Southwind Road","","City of Springfield","IL","62703","Sangamon County","US","39.732608,-89.640235","16SBK73730141","217-786-6994",
"Hospital","Memorial Hospital Shiloh","0850","","","","1404 Cross Street","","Township of Shiloh","IL","62269","Edgar County","US","38.573674,-89.905410","16SBH46887347","618-607-1000",
"Hospital","Memorial Hospital of Lafayette County Darlington WI","9653","","","","800 Clay Street","","City of Darlington","WI","53530","Lafayette County","US","42.683697,-90.109823","15TYH36782974","608-776-4466",
"Hospital","Memorial Hospital Belleville","0846","","","","4500 Memorial Drive","","Township of Belleville","IL","62226","Saint Clair County","US","38.550522,-90.022180","15SYC59507110","618-233-7750",
"Hospital","Memorial Hospital of Carbondale","0403","","","","405 West Jackson Street","","Township of Carbondale","IL","62901","Jackson County","US","37.727374,-89.220652","16SCG04307788","618-549-0721",
"Hospital","Memorial Hospital Carthage","0357","","","","1454 North Co Road 2050","","Township of Carthage","IL","62321","Hancock County","US","40.408074,-91.113037","15TXE60117476","217-357-8500",
"Hospital","Springfield Memorial Hospital","0875","","","","701 North 1st Street","","City of Springfield","IL","62781","Sangamon County","US","39.809223,-89.655414","16SBK72690995","217-788-3000",
"Hospital","Mercy Harvard Hospital","0602","","","","901 Grant Street","","City of Harvard","IL","60033","McHenry County","US","42.426328,-88.606917","16TCM67809836","815-943-2693",
"Hospital","MercyOne Dubuque Medical Center","9531","","","","250 Mercy Drive","","City of Dubuque","IA","52001","Dubuque County","US","42.492531,-90.674781","15TXH91080708","563-589-9370",
"Hospital","Insight Hospital & Medical Center Chicago","6041","","","","2525 South Michigan Avenue","","City of Chicago","IL","60616","Cook County","US","41.846322,-87.621839","16TDM48373290","312-567-2000",
"Hospital","Mercy Hospital St. Louis","9610","","","","615 South New Ballas Road","","","MO","63141","","US","38.645460,-90.446476","15SYC22228052","314-251-6000",
"Hospital","Mercy Medical Center Clinton","9642","","","","1410 North 4th Street","","City of Clinton","IA","52732","Clinton County","US","41.861344,-90.189175","15TYG33303820","563-244-5555",
"Hospital","Mercy Hospital South","9626","","","","10010 Kennerly Road","","","MO","63128","","US","38.506258,-90.381170","15SYC28356523","314-525-1000",
"Hospital","Mercy Walworth Hospital and Medical Center","9648","","","","N2950 Wisconsin 67","","City of Lake Geneva","WI","53147","Walworth County","US","42.598120,-88.539739","16TCN73681733","262-245-0535",
"Hospital","Meriter Hospital Madison WI","9510","","","","202 South Park Street","","City of Madison","WI","53715","Dane County","US","43.065807,-89.401645","16TCN04457092","608-417-6206",
"Hospital","Thorek Memorial Hospital – Andersonville","6005","","","","5025 North Paulina Street","","City of Chicago","IL","60640","Cook County","US","41.973220,-87.671079","16TDM44394702","773-271-9040",
"Hospital","Midwest Medical Center","0438","","","","1 Medical Center Drive","","City of Galena","IL","61036","Jo Daviess County","US","42.448947,-90.457753","15TYH09060275","815-777-1340",
"Hospital","Midwestern Regional Medical Center","0506","","","","2520 Elisha Avenue","","City of Zion","IL","60099","Lake County","US","42.448631,-87.827984","16TDM31919992","866-575-8763",
"Hospital","Mineral Area Regional Medical Center Farmington MO (CLOSED)","9657","","","","","","","","","","","","","",
"Hospital","Missouri Baptist Medical Center","9613","","","","3015 North Ballas Road","","","MO","63131","","US","38.635386,-90.446546","15SYC22257940","314-996-5000",
"Hospital","Morris Hospital & Healthcare Centers","0334","","","","150 West High Street","","Township of Morris","IL","60450","Grundy County","US","41.369517,-88.426500","16TCL80708075","815-942-2932",
"Hospital","Morrison Community Hospital","1015","","","","303 North Jackson Street","","City of Morrison","IL","61270","Whiteside County","US","41.809131,-89.957368","16TBM54333281","815-772-4003",
"Hospital","Mount Sinai Hospital","6043","","","","1500 South Fairfield Avenue","","City of Chicago","IL","60608","Cook County","US","41.861159,-87.694711","16TDM42343459","773-542-2000",
"Hospital","Neuropsychiatric Hospital of Indianapolis","9466","","","","6720 Parkdale Place","","City of Indianapolis","IN","46254","Marion County","US","39.826444,-86.279004","16SEK61690874","317-744-9200",
"Hospital","NON-HOSPITAL DESTINATION","9995","","","","","","","","","","","","","",
"Hospital","NON-SPEC ALABAMA","7037","","","","","","","","","","","","","",
"Hospital","NON-SPEC ALASKA","7091","","","","","","","","","","","","","",
"Hospital","NON-SPEC ARIZONA","7087","","","","","","","","","","","","","",
"Hospital","NON-SPEC ARKANSAS","7071","","","","","","","","","","","","","",
"Hospital","NON-SPEC CALIFORNIA","7097","","","","","","","","","","","","","",
"Hospital","NON-SPEC CENTRAL MIDWEST STAT","7060","","","","","","","","","","","","","",
"Hospital","NON-SPEC COLORADO","7083","","","","","","","","","","","","","",
"Hospital","NON-SPEC CONNECTICUT","7007","","","","","","","","","","","","","",
"Hospital","NON-SPEC DELAWARE","7017","","","","","","","","","","","","","",
"Hospital","NON-SPEC DISTRICT OF COLUMBIA","7022","","","","","","","","","","","","","",
"Hospital","NON-SPEC FLORIDA","7035","","","","","","","","","","","","","",
"Hospital","NON-SPEC GEORGIA","7033","","","","","","","","","","","","","",
"Hospital","NON-SPEC HAWAII","7099","","","","","","","","","","","","","",
"Hospital","NON-SPEC IDAHO","7081","","","","","","","","","","","","","",
"Hospital","NON-SPEC ILLINOIS","7061","","","","","","","","","","","","","",
"Hospital","NON-SPEC INDIANA","7045","","","","","","","","","","","","","",
"Hospital","NON-SPEC IOWA","7053","","","","","","","","","","","","","",
"Hospital","NON-SPEC KANSAS","7065","","","","","","","","","","","","","",
"Hospital","NON-SPEC KENTUCKY","7047","","","","","","","","","","","","","",
"Hospital","NON-SPEC LOUISIANA","7073","","","","","","","","","","","","","",
"Hospital","NON-SPEC MAINE","7002","","","","","","","","","","","","","",
"Hospital","NON-SPEC MARYLAND","7021","","","","","","","","","","","","","",
"Hospital","NON-SPEC MASSACHUSETTS","7005","","","","","","","","","","","","","",
"Hospital","NON-SPEC MICHIGAN","7041","","","","","","","","","","","","","",
"Hospital","NON-SPEC MINNESOTA (INC. MAYO","7052","","","","","","","","","","","","","",
"Hospital","NON-SPEC MISSISSIPPI","7039","","","","","","","","","","","","","",
"Hospital","NON-SPEC MISSOURI","7063","","","","","","","","","","","","","",
"Hospital","NON-SPEC MONTANA","7056","","","","","","","","","","","","","",
"Hospital","NON-SPEC MOUNTAIN STATES","7080","","","","","","","","","","","","","",
"Hospital","NON-SPEC NEBRASKA","7067","","","","","","","","","","","","","",
"Hospital","NON-SPEC NEVADA","7085","","","","","","","","","","","","","",
"Hospital","NON-SPEC NEW ENGLAND & NEW JERSEY","7001","","","","","","","","","","","","","",
"Hospital","NON-SPEC NEW HAMPSHIRE","7003","","","","","","","","","","","","","",
"Hospital","NON-SPEC NEW JERSEY","7008","","","","","","","","","","","","","",
"Hospital","NON-SPEC NEW MEXICO","7086","","","","","","","","","","","","","",
"Hospital","NON-SPEC NEW YORK","7011","","","","","","","","","","","","","",
"Hospital","NON-SPEC NORTH CAROLINA","7025","","","","","","","","","","","","","",
"Hospital","NON-SPEC NORTH CENTRAL STATES","7040","","","","","","","","","","","","","",
"Hospital","NON-SPEC NORTH DAKOTA","7054","","","","","","","","","","","","","",
"Hospital","NON-SPEC NORTH MID-ATLANTIC","7010","","","","","","","","","","","","","",
"Hospital","NON-SPEC NORTHERN MIDWEST","7050","","","","","","","","","","","","","",
"Hospital","NON-SPEC OHIO","7043","","","","","","","","","","","","","",
"Hospital","NON-SPEC OKLAHOMA","7075","","","","","","","","","","","","","",
"Hospital","NON-SPEC OREGON","7095","","","","","","","","","","","","","",
"Hospital","NON-SPEC PACIFIC COAST","7090","","","","","","","","","","","","","",
"Hospital","NON-SPEC PENNSYLVANIA","7014","","","","","","","","","","","","","",
"Hospital","NON-SPEC RHODE ISLAND","7006","","","","","","","","","","","","","",
"Hospital","NON-SPEC SOUTH CAROLINA","7026","","","","","","","","","","","","","",
"Hospital","NON-SPEC SOUTH DAKOTA","7055","","","","","","","","","","","","","",
"Hospital","NON-SPEC SOUTH MID-ATLANTIC","7020","","","","","","","","","","","","","",
"Hospital","NON-SPEC SOUTHEASTERN STATES","7030","","","","","","","","","","","","","",
"Hospital","NON-SPEC SOUTHERN MIDWEST","7070","","","","","","","","","","","","","",
"Hospital","NON-SPEC TENNESSEE","7031","","","","","","","","","","","","","",
"Hospital","NON-SPEC TEXAS","7077","","","","","","","","","","","","","",
"Hospital","NON-SPEC UTAH","7084","","","","","","","","","","","","","",
"Hospital","NON-SPEC VERMONT","7004","","","","","","","","","","","","","",
"Hospital","NON-SPEC VIRGINIA","7023","","","","","","","","","","","","","",
"Hospital","NON-SPEC WASHINGTON","7093","","","","","","","","","","","","","",
"Hospital","NON-SPEC WEST VIRGINIA","7024","","","","","","","","","","","","","",
"Hospital","NON-SPEC WISCONSIN","7051","","","","","","","","","","","","","",
"Hospital","NON-SPEC WYOMING","7082","","","","","","","","","","","","","",
"Hospital","NON-SPECIFIED UNITED STATES","7000","","","","","","","","","","","","","",
"Hospital","Endeavor Evanston Hospital","0148","","","","2650 Ridge Avenue","","Township of Evanston","IL","60201","Cook County","US","42.065414,-87.684616","16TDM43355726","847-570-2000",
"Hospital","Endeavor Glenbrook Hospital","0151","","","","2100 Pfingsten Road","","Village of Glenview","IL","60026","Cook County","US","42.093030,-87.854683","16TDM29326045","847-657-5800",
"Hospital","Endeavor Highland Park Hospital","0509","","","","777 Park Avenue West","","City of Highland Park","IL","60035","Lake County","US","42.190406,-87.807434","16TDM33327123","847-432-8000",
"Hospital","Endeavor Skokie Hospital","0170","","","","9600 Gross Point Road","","Village of Skokie","IL","60076","Cook County","US","42.056648,-87.740396","16TDM38735633","847-677-9600",
"Hospital","Northwest Community Hospital","0162","","","","800 West Central Road","","Village of Arlington Heights","IL","60005","Cook County","US","42.068498,-87.993156","16TDM17835785","847-618-1000",
"Hospital","Northwestern Medicine Delnor Hospital","0460","","","","300 South Randall Road","","Township of Geneva","IL","60134","Kane County","US","41.886569,-88.343595","16TCM88523805","630-208-3000",
"Hospital","Northwestern Medicine Huntley Hospital","0605","","","","10400 Haligus Road","","Village of Huntley","IL","60142","McHenry County","US","42.178090,-88.399634","16TCM84407049","224-654-0000",
"Hospital","Northwestern Medicine Kishwaukee Hospital","0201","","","","1 Kish Hospital Drive","","Township of DeKalb","IL","60115","DeKalb County","US","41.961328,-88.722427","16TCM57264691","815-756-1521",
"Hospital","Northwestern Medicine Lake Forest Hospital","0510","","","","1000 North Westmoreland Road","","City of Lake Forest","IL","60045","Lake County","US","42.257054,-87.865905","16TDM28577868","847-234-5600",
"Hospital","Northwestern Medicine McHenry Hospital","0604","","","","4201 Medical Centre Drive","","Township of McHenry","IL","60050","McHenry County","US","42.318147,-88.279526","16TCM94568589","815-344-5000",
"Hospital","Northwestern Medicine Woodstock Hospital","0603","","","","3701 Doty Road","","Township of Woodstock","IL","60098","Schuyler County","US","42.275511,-88.400846","16TCM84488131","815-338-2500",
"Hospital","Northwestern Memorial Hospital","6045","","","","251 East Huron Street","","City of Chicago","IL","60611","Cook County","US","41.894705,-87.621486","16TDM48443827","312-926-2000",
"Hospital","Norton Hospital Louisville KY","9470","","","","200 East Chestnut Street","","City of Louisville","KY","40202","Jefferson County","US","38.247792,-85.750782","16SFH09303404","502-629-8000",
"Hospital","Norwegian American Hospital","6046","","","","1044 North Francisco Avenue","","City of Chicago","IL","60622","Cook County","US","41.900988,-87.700028","16TDM41933902","773-292-8200",
"Hospital","Northwestern Medicine Central DuPage Hospital","0236","","","","25 Winfield Road","","Township of Winfield","IL","60190","DuPage County","US","41.873256,-88.156216","16TDM04053635","630-933-1600",
"Hospital","Northwestern Medicine Valley West Hospital","0202","","","","1302 North Main Street","","City of Sandwich","IL","60548","DeKalb County","US","41.657750,-88.620978","16TCM65031304","815-786-8484",
"Hospital","Oak Forest Health Center","0164","","","","15900 South Cicero Avenue","","City of Oak Forest","IL","60452","Cook County","US","41.597420,-87.732559","16TDM38950533","708-687-7200",
"Hospital","OSF Heart of Mary Medical Center Urbana","0086","","","","1400 West Park Street","","Township of Urbana","IL","61801","Champaign County","US","40.117970,-88.227650","16TCK95384157","217-337-2000",
"Hospital","OSF Holy Family Medical Center Monmouth","0969","","","","1000 West Harlem Avenue","","Township of Monmouth","IL","61462","Warren County","US","40.922111,-90.658140","15TXF97193275","309-734-3141",
"Hospital","OSF Sacred Heart Medical Center Danville","0945","","","","812 North Logan Avenue","","Township of Danville","IL","61832","Vermilion County","US","40.137895,-87.645318","16TDK45024326","217-443-5000",
"Hospital","OSF Saint Anthony Medical Center Rockford","1055","","","","5666 East State Street","","City of Rockford","IL","61107","Winnebago County","US","42.269587,-89.007732","16TCM34428166","815-226-2000",
"Hospital","OSF Saint Elizabeth Medical Center Ottawa","0526","","","","1100 East Norris Drive","","City of Ottawa","IL","61350","LaSalle County","US","41.353498,-88.817747","16TCL47947959","815-433-3100",
"Hospital","OSF Saint Francis Medical Center Peoria","0757","","","","530 Northeast Glen Oak Avenue","","City of Peoria","IL","61637","Peoria County","US","40.703381,-89.592113","16TBL81010906","309-655-2000",
"Hospital","OSF Saint James - John W. Albrecht Medical Center","0566","","","","2500 West Reynolds Street","","City of Pontiac","IL","61764","Livingston County","US","40.870801,-88.679436","16TCL58472577","815-842-2828",
"Hospital","OSF Saint Luke Medical Center Kewanee","0380","","","","1051 West South Street","","Township of Kewanee","IL","61443","Henry County","US","41.220736,-89.947070","16TBL52966744","309-852-7500",
"Hospital","OSF St. Joseph Medical Center Bloomington","0617","","","","2200 East Washington Street","","Township of Bloomington","IL","61701","McLean County","US","40.482235,-88.955708","16TCK34238311","309-662-3311",
"Hospital","OSF St. Mary Medical Center Galesburg","0495","","","","3333 North Seminary Street","","Township of Galesburg","IL","61401","Knox County","US","40.987411,-90.359385","15TYF22134071","309-344-3161",
"Hospital","OSF Saint Paul Medical Center Mendota","0528","","","","1401 East 12th Street","","City of Mendota","IL","61342","LaSalle County","US","41.553031,-89.087554","16TCM25900225","815-539-1400",
"Hospital","Palos Community Hospital","0168","","","","12251 South 80th Avenue","","City of Palos Heights","IL","60463","Cook County","US","41.668997,-87.813975","16TDM32241334","708-923-4000",
"Hospital","Pana Community Hospital","0098","","","","101 East 9th Street","","Township of Pana","IL","62557","Christian County","US","39.379979,-89.084314","16SCJ20476101","217-562-2131",
"Hospital","Paris Community Hospital","0253","","","","727 East Court Street","","City of Paris","IL","61944","Edgar County","US","39.606786,-87.677520","16SDJ41838433","",
"Hospital","Jacksonville Memorial Hospital","0732","","","","1600 West Walnut Street","","City of Jacksonville","IL","62650","Morgan County","US","39.746378,-90.260183","15SYE34740319","217-245-9541",
"Hospital","Perry County Memorial Hospital Perryville","9658","","","","434 North West Street","","City of Perryville","MO","63775","Perry County","US","37.732490,-89.865573","16SBG47478000","573-547-2536",
"Hospital","OSF Saint Clare Medical Center Princeton","0048","","","","530 Park Avenue East","","Township of Princeton","IL","61356","Bureau County","US","41.367054,-89.456063","16TBL94588241","815-875-2811",
"Hospital","Pinckneyville Community Hospital","0769","","","","5383 Illinois 154","","City of Pinckneyville","IL","62274","Perry County","US","38.084855,-89.349151","16SBH93971783","618-357-2187",
"Hospital","Poplar Bluff Regional Medical Center Oak Grove","9659","","","","3100 Oak Grove Road","","Township of Poplar Bluff","MO","63901","Butler County","US","36.787504,-90.442645","15SYA28197435","573-776-2000",
"Hospital","Poplar Bluff Regional Medical Center Westwood","9660","","","","2620 North Westwood Boulevard","","City of Poplar Bluff","MO","63901","Butler County","US","36.782495,-90.426032","15SYA29697383","573-785-7721",
"Hospital","AMITA Health Resurrection Medical Center Chicago","6050","","","","7435 West Talcott Avenue","","City of Chicago","IL","60631","Cook County","US","41.987940,-87.814742","16TDM32514875","773-774-8000",
"Hospital","AMITA Health Saint Francis Hospital Evanston","0173","","","","355 Ridge Avenue","","Township of Evanston","IL","60202","Cook County","US","42.024723,-87.683429","16TDM43425274","847-316-4000",
"Hospital","AMITA Health Saint Joseph Hospital Chicago","6065","","","","2900 North Lake Shore Drive","","City of Chicago","IL","60657","Cook County","US","41.934077,-87.637374","16TDM47154265","773-665-3000",
"Hospital","AMITA Saint Joseph Medical Center","1028","","","","333 Madison Street","","Township of Joliet","IL","60435","Will County","US","41.527195,-88.136129","16TDL05219790","815-725-7133",
"Hospital","AMITA Health Saints Mary and Elizabeth Medical Center Chicago","6066","","","","2233 West Division Street","","City of Chicago","IL","60622","Cook County","US","41.903035,-87.683317","16TDM43323923","312-770-2000",
"Hospital","Progress West Hospital O'Fallon MO","9661","","","","2 Progress Point Parkway","","","MO","63368","","US","38.715440,-90.698757","15SYC00078771","636-344-1000",
"Hospital","Provident Hospital of Cook County","6047","","","","500 East 51st Street","","City of Chicago","IL","60615","Cook County","US","41.802550,-87.613658","16TDM49022803","312-572-2000",
"Hospital","Ravenswood Hospital (CLOSED)","6048","","","","","","","","","","","","","",
"Hospital","Red Bud Regional Hospital","0807","","","","325 Spring Street","","City of Red Bud","IL","62278","Randolph County","US","38.209043,-89.997029","16SBH37583325","618-282-3831",
"Hospital","Shirley Ryan AbilityLab (formerly RIC)","6049","","","","355 East Erie Street","","City of Chicago","IL","60611","Cook County","US","41.894128,-87.618521","16TDM48693820","312-238-1000",
"Hospital","Riley Hospital for Children","9450","","","","705 Riley Hospital Drive","","City of Indianapolis","IN","46202","Marion County","US","39.777429,-86.180081","16SEK70210337","317-944-5000",
"Hospital","Riveredge Hospital","0169","","","","8311 Roosevelt Road","","Village of Forest Park","IL","60130","Cook County","US","41.865369,-87.828085","16TDM31273515","708-771-7000",
"Hospital","Riverside Medical Center","0480","","","","350 North Wall Street","","Township of Kankakee","IL","60901","Kankakee County","US","41.124008,-87.883080","16TDL25875289","815-933-1671",
"Hospital","RML Specialty Hospital","6004","","","","3435 West Van Buren Street","","City of Chicago","IL","60624","Cook County","US","41.875309,-87.712443","16TDM40883617","773-826-6300",
"Hospital","RML Specialty Hospital","0176","","","","5601 South County Line Road","","Village of Hinsdale","IL","60521","DuPage County","US","41.786189,-87.915377","16TDM23932644","630-286-4000",
"Hospital","Rochelle Community Hospital","0743","","","","900 North 2nd Street","","City of Rochelle","IL","61068","Ogle County","US","41.928274,-89.063369","16TCM28924387","815-562-2181",
"Hospital","Roseland Community Hospital","6052","","","","45 West 111th Street","","City of Chicago","IL","60628","Cook County","US","41.692318,-87.625573","16TDM47941580","773-995-3000",
"Hospital","Rush Copley Medical Center","0461","","","","2000 Ogden Avenue","","Township of Aurora","IL","60504","Kane County","US","41.728992,-88.270650","16TCM94322046","630-978-6200",
"Hospital","Rush Oak Park Hospital","0165","","","","520 South Maple Avenue","","Township of Oak Park","IL","60304","Cook County","US","41.878524,-87.803008","16TDM33373660","708-383-9300",
"Hospital","Rush University Medical Center","6053","","","","1620 West Harrison Street","","City of Chicago","IL","60612","Cook County","US","41.874575,-87.668836","16TDM44493606","312-942-5000",
"Hospital","Southeast Health Center of Stoddard County","9654","","","","1200 North 1 Mile Road","","City of Dexter","MO","63841","Stoddard County","US","36.807358,-89.968368","16SBF35187761","573-624-5566",
"Hospital","Sacred Heart Hospital (CLOSED)","6025","","","","","","","","","","","","","",
"Hospital","Salem Township Hospital","0671","","","","1201 Ricker Drive","","Township of Salem","IL","62881","Carroll County","US","38.641645,-88.948732","16SCH30407881","618-548-3194",
"Hospital","Sarah Bush Lincoln Health Center Mattoon","0134","","","","1000 Health Center Drive","","Township of Mattoon","IL","61938","Coles County","US","39.487870,-88.273773","16SCJ90467169","217-258-2525",
"Hospital","Culbertson Memorial Hospital Rushville","0887","","","","238 South Congress Street","","Township of Rushville","IL","62681","Schuyler County","US","40.118165,-90.564388","15TYE07554371","217-322-4321",
"Hospital","Schwab Rehabilitation Hospital","6055","","","","1401 South California Avenue","","City of Chicago","IL","60608","Cook County","US","41.862196,-87.695109","16TDM42303470","773-522-2010",
"Hospital","375 Medical Group Scott AF Base","0849","","","","310 West Losey Street","","Scott Air Force Base","IL","62225","Saint Clair County","US","38.543526,-89.871972","16SBH49697003","618-256-9355",
"Hospital","Select Specialty Hospital - Quad Cities","9537","","","","1111 West Kimberly Road","","City of Davenport","IA","52806","Scott County","US","41.559432,-90.588833","15TYG01060366","563-468-2000",
"Hospital","Shriners Hospitals for Children — Chicago","6057","","","","2211 North Oak Park Avenue","","City of Chicago","IL","60707","Cook County","US","41.920050,-87.793515","16TDM34204120","773-622-5400",
"Hospital","Shriners Hospitals for Children — St. Louis","9662","","","","4400 Clayton Avenue","","","MO","63110","","US","38.632219,-90.258332","15SYC38657953","314-432-3600",
"Hospital","Silver Cross Hospital","1027","","","","1900 Silver Cross Boulevard","","Township of New Lenox","IL","60451","Will County","US","41.544750,-87.983849","16TDL17949969","815-300-1100",
"Hospital","Silver Oaks Behavioral Hospital","1032","","","","1004 Pawlak Parkway","","Township of New Lenox","IL","60451","Will County","US","41.544750,-87.987093","16TDL17679970","844-580-5000",
"Hospital","South Shore Hospital","6059","","","","8012 South Crandon Avenue","","City of Chicago","IL","60617","Cook County","US","41.749348,-87.569146","16TDM52682210","773-356-5000",
"Hospital","Southeast Hospital","9638","","","","1701 Lacey Street","","Township of Cape Girardeau","MO","63701","Cape Girardeau County","US","37.311044,-89.540556","16SBG74853240","573-334-4822",
"Hospital","Sparta Community Hospital","0806","","","","818 East Broadway Street","","City of Sparta","IL","62286","Randolph County","US","38.123959,-89.691536","16SBH64062299","618-443-2177",
"Hospital","SSM Health Cardinal Glennon Children's Hospital","9630","","","","1465 South Grand Boulevard","","","MO","63104","","US","38.621356,-90.239492","15SYC40327837","314-577-5600",
"Hospital","SSM Health DePaul Hospital - St. Louis","9624","","","","12303 De Paul Drive","","City of Bridgeton","MO","63044","Saint Louis County","US","38.750255,-90.434109","15SYC22989218","314-344-6000",
"Hospital","SSM Health St. Clare Hospital - Fenton","9614","","","","1015 Bowles Avenue","","City of Fenton","MO","63026","Saint Louis County","US","38.528037,-90.476191","15SYC20006742","636-496-2000",
"Hospital","SSM Health St. Joseph Hospital","9623","","","","300 1st Capitol Drive","","City of Saint Charles","MO","63301","Saint Charles County","US","38.780829,-90.484801","15SYC18489546","636-947-5000",
"Hospital","SSM Health Saint Louis University Hospital (CLOSED)","9621","","","","3635 Vista Avenue","","","MO","63110","","US","38.622743,-90.239133","15SYC40357852","314-577-8000",
"Hospital","SSM Health St. Mary's Hospital - St. Louis","9633","","","","6420 Clayton Road","","City of Richmond Heights","MO","63117","Saint Louis County","US","38.633071,-90.311181","15SYC34047948","314-768-8000",
"Hospital","SSM Health St. Joseph Hospital - Wentzville","9618","","","","500 Medical Drive","","Township of Wentzville","MO","63385","Saint Charles County","US","38.821998,-90.880741","15SXC83979915","636-327-1000",
"Hospital","St. Alexius Medical Center Hoffman Estates","0155","","","","1555 North Barrington Road","","Village of Hoffman Estates","IL","60169","Cook County","US","42.052974,-88.141034","16TDM05585628","847-843-2000",
"Hospital","OSF Saint Anthony's Health Center Alton","0656","","","","1 Saint Anthonys Way","","Township of Alton","IL","62002","Madison County","US","38.908170,-90.173288","15SYD45101038","618-465-2571",
"Hospital","St Clare's Hospital Alton","0658","","","","915 East 5th Street","","Township of Alton","IL","62002","Madison County","US","38.890900,-90.171654","15SYD45300847","618-463-5150",
"Hospital","St Francis Medical Center Cape Girardeau","9617","","","","48 Doctors Park","","Township of Cape Girardeau","MO","63703","Cape Girardeau County","US","37.295230,-89.574115","16SBG71833073","573-335-8257",
"Hospital","Joseph Hospital Belvidere (CLOSED)","0037","","","","","","","","","","","","","",
"Hospital","St. Joseph Hospital of Kirkwood MO (CLOSED)","9627","","","","","","","","","","","","","",
"Hospital","St. Luke's Hospital Chesterfield MO","9611","","","","232 South Woods Mill Road","","City of Chesterfield","MO","63017","Saint Louis County","US","38.651275,-90.503563","15SYC17248103","314-434-1500",
"Hospital","Franciscan Health Dyer","9455","","","","24 Joliet Street","","Town of Dyer","IN","46311","Lake County","US","41.492609,-87.524577","16TDL56219357","219-865-2141",
"Hospital","Franciscan Health Hammond","9452","","","","5454 Hohman Avenue","","City of Hammond","IN","46320","Lake County","US","41.615178,-87.523881","16TDM56350718","219-932-2300",
"Hospital","Saint Mary's Hospital Rochester MN","9485","","","","412 14th Avenue Southwest","","Township of Rochester","MN","55902","Olmsted County","US","44.018611,-92.481494","15TWJ41557407","",
"Hospital","Ascension St. Vincent Evansville IN","9451","","","","3700 Washington Avenue","","City of Evansville","IN","47714","Vanderburgh County","US","37.965052,-87.504509","16SDH55680205","812-485-4000",
"Hospital","Peyton Manning Children's Hospital at Ascension St. Vincent","9463","","","","2001 West 86th Street","","City of Indianapolis","IN","46260","Marion County","US","39.909080,-86.195835","16SEK68731797","317-338-2345",
"Hospital","St Alexius Hospital","9622","","","","1400 Lemay Ferry Road","","","MO","63125","","US","38.530656,-90.289408","15SYC36276817","314-544-8099",
"Hospital","Saint Anthony Hospital Chicago","6061","","","","2875 West 19th Street","","City of Chicago","IL","60623","Cook County","US","41.855191,-87.698507","16TDM42023393","773-484-1000",
"Hospital","St. Bernard Hospital","6062","","","","326 West 64th Street","","City of Chicago","IL","60621","Cook County","US","41.778529,-87.632953","16TDM47392538","773-962-3900",
"Hospital","St Elizabeth's Hospital Chicago","6063","","","","1431 North Western Avenue","","City of Chicago","IL","60622","Cook County","US","41.907573,-87.686362","16TDM43073974","773-489-1717",
"Hospital","St Joseph Memorial Hospital Murphysboro","0404","","","","2 Hospital Drive","","Township of Murphysboro","IL","62966","Jackson County","US","37.774009,-89.324709","16SBG95258328","618-684-3156",
"Hospital","St. Louis Children's Hospital","9631","","","","1 Childrens Place","","","MO","63110","","US","38.637855,-90.265081","15SYC38048013","314-454-6000",
"Hospital","St. Louis VA Medical Center - John Cochran Division","9615","","","","915 North Grand Boulevard","","","MO","63106","","US","38.642540,-90.231827","15SYC40928074","314-652-4100",
"Hospital","St. Margaret's Health - Spring Valley","0049","","","","600 East 1st Street","","City of Spring Valley","IL","61362","Bureau County","US","41.328506,-89.191880","16TCL16577754","815-664-5311",
"Hospital","SSM Health St. Mary's Hospital - Centralia","0672","","","","400 North Pleasant Avenue","","Township of Centralia","IL","62801","Marion County","US","38.530177,-89.116909","16SCH15476676","618-436-8000",
"Hospital","St Mary's Hospital Streator","0530","","","","111 Spring Street","","City of Streator","IL","61364","LaSalle County","US","41.114220,-88.835245","16TCL45915305","815-673-2311",
"Hospital","Streamwood Hospital / Streamwood RT","0182","","","","1400 Irving Park Road","","Village of Streamwood","IL","60107","Cook County","US","42.009204,-88.150791","16TDM04705143","630-837-9000",
"Hospital","SwedishAmerican Hospital","1056","","","","1401 East State Street","","City of Rockford","IL","61104","Winnebago County","US","42.265418,-89.074952","16TCM28868133","779-696-4400",
"Hospital","SwedishAmerican Medical Center/Belvidere","0036","","","","1625 South State Street","","Township of Belvidere","IL","61008","Boone County","US","42.242994,-88.839835","16TCM48207839","815-547-5441",
"Hospital","Swedish Hospital","6067","","","","5140 North California Avenue","","City of Chicago","IL","60625","Cook County","US","41.975302,-87.699481","16TDM42044727","773-878-8200",
"Hospital","Taylorville Memorial Hospital","0099","","","","201 East Pleasant Street","","Township of Taylorville","IL","62568","Christian County","US","39.555144,-89.293819","16SCJ02928089","217-707-5555",
"Hospital","Terre Haute Regional Hospital","9458","","","","3901 South 7th Street","","City of Terre Haute","IN","47802","Vigo County","US","39.419512,-87.408979","16SDJ64796341","812-232-0021",
"Hospital","SSM Health Monroe Hospital","9641","","","","515 22nd Avenue","","Town of Monroe","WI","53566","Green County","US","42.607413,-89.633467","16TBN83982058","608-324-2000",
"Hospital","The Pavilion Behavioral Health System Champaign","0084","","","","809 West Church Street","","Township of Champaign","IL","61820","Champaign County","US","40.117575,-88.257593","16TCK92834156","217-373-1700",
"Hospital","Thomas H Boyd Memorial Hospital","0322","","","","800 School Street","","Township of Carrollton","IL","62016","Greene County","US","39.296772,-90.413031","15SYD23085290","217-942-6946",
"Hospital","Thorek Memorial Hospital","6069","","","","850 West Irving Park Road","","City of Chicago","IL","60613","Cook County","US","41.954991,-87.651520","16TDM46004498","773-525-6780",
"Hospital","Touchette Regional Hospital Centreville","0844","","","","5900 Bond Avenue","","Township of Centreville","IL","62207","Saint Clair County","US","38.570681,-90.107834","15SYC51967310","618-332-3060",
"Hospital","U S Army Infirmary Highland Park (CLOSED)","0512","","","","","","","","","","","","","",
"Hospital","Great Lakes Naval Station Hospital (CLOSED)","0513","","","","3355 Illinois Street","","City of North Chicago","IL","60088","Lake County","US","42.302638,-87.849188","16TDM30008372","847-688-3500",
"Hospital","United Hospital System Kenosha Medical Center Campus","9649","","","","6308 8th Avenue","","City of Kenosha","WI","53143","Kenosha County","US","42.577495,-87.820412","16TDN32671422","262-656-2011",
"Hospital","St. Catherine's Medical Center Pleasant Prairie WI","9650","","","","9555 76th Street","","Village of Pleasant Prairie","WI","53158","Kenosha County","US","42.564459,-87.924131","16TDN24141286","262-577-8000",
"Hospital","Union County Hospital Anna","0933","","","","517 North Main Street","","City of Anna","IL","62906","Union County","US","37.464829,-89.246199","16SCG01354880","618-833-4511",
"Hospital","Union Hospital Terre Haute","9454","","","","1606 North 7th Street","","City of Terre Haute","IN","47804","Vigo County","US","39.485383,-87.408624","16SDJ64857072","812-238-7000",
"Hospital","UnityPoint Health - Finley Hospital Dubuque","9532","","","","350 North Grandview Avenue","","City of Dubuque","IA","52001","Dubuque County","US","42.496281,-90.685914","15TXH90150747","563-582-1881",
"Hospital","Carle Health - Methodist Hospital Peoria","0755","","","","221 Northeast Glen Oak Avenue","","City of Peoria","IL","61636","Peoria County","US","40.700724,-89.594985","16TBL80760877","309-672-5522",
"Hospital","Carle Health - Pekin","0921","","","","600 South 13th Street","","City of Pekin","IL","61554","Tazewell County","US","40.563073,-89.632782","16TBK77119358","309-347-1151",
"Hospital","Carle Health - Proctor Peoria","0756","","","","5409 Knoxville Avenue","","City of Peoria","IL","61614","Peoria County","US","40.753014,-89.597524","16TBL80711458","309-691-1000",
"Hospital","UnityPoint Health - Trinity Moline","0833","","","","500 John Deere Road","","Township of Moline","IL","61265","Rock Island County","US","41.468110,-90.530915","15TYF06189366","309-779-5000",
"Hospital","UnityPoint Health Trinity Rock Island","0830","","","","2701 17th Street","","City of Rock Island","IL","61201","Rock Island County","US","41.483189,-90.570533","15TYF02839524","309-779-5000",
"Hospital","University Hospital Columbia MO","9634","","","","1 Hospital Drive","","Township of Columbia","MO","65212","Boone County","US","38.938697,-92.327536","15SWD58281018","573-882-4141",
"Hospital","University of Chicago Medical Center","6071","","","","5841 South Maryland Avenue","","City of Chicago","IL","60637","Cook County","US","41.789294,-87.603996","16TDM49812655","888-824-0200",
"Hospital","University of Illinois Hospital","6072","","","","1740 West Taylor Street","","City of Chicago","IL","60612","Cook County","US","41.868834,-87.670454","16TDM44363543","866-600-2273",
"Hospital","University of Iowa Hospitals","9530","","","","5 Boyd Tower","","City of Iowa City","IA","52242","Johnson County","US","41.660993,-91.547545","15TXG20921315","800-777-8442",
"Hospital","UNKNOWN HOSPITAL","9999","","","","","","","","","","","","","",
"Hospital","UW Health University Hospital Madison","9644","","","","600 Highland Avenue","","City of Madison","WI","53792","Dane County","US","43.076635,-89.431123","16TCN02087219","608-263-6400",
"Hospital","Van Matre Encompass Health Rehabilitation Hospital Rockford","1057","","","","950 South Mulford Road","","City of Rockford","IL","61108","Winnebago County","US","42.258530,-88.996867","16TCM35298041","815-381-8500",
"Hospital","VA Illiana Health Care System Danville","0947","","","","1900 East Main Street","","Township of Danville","IL","61832","Vermilion County","US","40.131934,-87.592223","16TDK49544256","217-554-3000",
"Hospital","VA Lakeside Clinic Chicago","6073","","","","211 East Ontario Street","","City of Chicago","IL","60611","Cook County","US","41.893116,-87.622023","16TDM48393809","312-469-4850",
"Hospital","VA Medical Center Marion","1042","","","","2401 West Main Street","","Township of Marion","IL","62959","Lee County","US","37.724395,-88.955825","16SCG27637703","618-997-5311",
"Hospital","Vista Medical Center West (CLOSED)","0511","","","","2615 Washington St","","Township of Waukegan","IL","60085","Lake County","US","","","847-360-3000",
"Hospital","Vista Medical Center East","0515","","","","1324 North Sheridan Road","","Township of Waukegan","IL","60085","Lake County","US","42.378192,-87.832523","16TDM31469210","847-360-3000",
"Hospital","Wabash General Hospital Mt Carmel","0958","","","","1418 College Drive","","City of Mount Carmel","IL","62863","Wabash County","US","38.420636,-87.769722","16SDH32805276","618-262-8621",
"Hospital","Washington County Hospital Nashville","0981","","","","705 South Grand Street","","City of Nashville","IL","62263","Washington County","US","38.339045,-89.391129","16SBH91024613","618-327-8236",
"Hospital","Welborn Baptist Hospital (CLOSED)","9456","","","","401 SE 6TH ST","","City of Evansville","IN","47708","Vanderburgh County","US","","","812-437-8260",
"Hospital","West Suburban Medical Center","0178","","","","3 Erie Street","","Township of Oak Park","IL","60302","Cook County","US","41.891372,-87.776114","16TDM35613800","708-383-6200",
"Hospital","Western Baptist Hospital","9471","","","","2501 Kentucky Avenue","","City of Paducah","KY","42001","McCracken County","US","37.074031,-88.626056","16SCG55450432","270-575-2100",
"Hospital","Westlake Hospital Melrose Park (CLOSED)","0179","","","","1225 West Lake Street","","Village of Melrose Park","IL","60160","Cook County","US","41.893032,-87.848294","16TDM29623824","708-681-3000",
"Hospital","Ascension All Saints Hospital Spring Street Campus","9651","","","","3803 Spring Street","","City of Racine","WI","53405","Racine County","US","42.731394,-87.827695","16TDN32243131","262-687-4011",
"Hospital","Ascension SE Wisconsin Hospital - Franklin Campus","9652","","","","10101 South 27th Street","","Town of Franklin","WI","53132","Sauk County","US","42.860037,-87.954157","16TDN22054571","414-325-4700",
"Hospital","White County Medical Center Carmi (CLOSED)","1003","","","","","","","","","","","","","",
"Hospital","Mercyhealth Hospital & Physician Clinic","1068","","","","815 S Route 31","","Crystal Lake","IL","60014","McHenry County","US","","","",
